{
  "lighting": "none",
  "matrix": {
      "rows": 8,
      "cols": 6 
  },
  "layouts": {
      "labels": [
      ],
      "keymap": [
        [
          {
            "rx": 2,
            "y": 4.35,
            "x": 3.25,
            "w": 2
          },
          "7,2"
        ],
        [
          {
            "rx": 10,
            "ry": 0.965,
            "y": 3.385,
            "x": -2.75
          },
          "7,3",
          {
            "w": 2
          },
          "3,4"
        ],
        [
          {
            "r": 10,
            "rx": 2,
            "ry": 0,
            "y": -0.1,
            "x": 2,
            "c": "#cccccc"
          },
          "4,1"
        ],
        [
          {
            "y": -0.65,
            "x": 1
          },
          "0,1",
          {
            "x": 1
          },
          "0,2"
        ],
        [
          {
            "y": -0.75
          },
          "4,0"
        ],
        [
          {
            "y": -0.9,
            "x": 4
          },
          "4,2"
        ],
        [
          {
            "y": -0.85,
            "x": -1
          },
          "0,0"
        ],
        [
          {
            "y": -0.85,
            "x": 2
          },
          "5,1"
        ],
        [
          {
            "y": -0.6499999999999999,
            "x": 1
          },
          "1,1",
          {
            "x": 1
          },
          "1,2"
        ],
        [
          {
            "y": -0.75
          },
          "5,0"
        ],
        [
          {
            "y": -0.8999999999999999,
            "x": 4
          },
          "5,2"
        ],
        [
          {
            "y": -0.8500000000000001,
            "x": -1
          },
          "1,0"
        ],
        [
          {
            "y": -0.8500000000000001,
            "x": 2
          },
          "6,1"
        ],
        [
          {
            "y": -0.6499999999999999,
            "x": 1
          },
          "2,1",
          {
            "x": 1
          },
          "2,2"
        ],
        [
          {
            "y": -0.75
          },
          "6,0"
        ],
        [
          {
            "y": -0.8999999999999999,
            "x": 4
          },
          "6,2"
        ],
        [
          {
            "y": -0.8500000000000001,
            "x": -1
          },
          "2,0"
        ],
        [
          {
            "y": -0.8500000000000001,
            "x": 2,
            "h": 1.5
          },
          "7,0"
        ],
        [
          {
            "y": -0.6499999999999999,
            "x": 3,
            "h": 1.25
          },
          "7,1"
        ],
        [
          {
            "r": -10,
            "rx": 8.6,
            "ry": 0.965,
            "y": -0.20000000000000007,
            "x": 2
          },
          "0,4"
        ],
        [
          {
            "y": -0.6500000000000001,
            "x": 1
          },
          "4,3",
          {
            "x": 1
          },
          "4,4"
        ],
        [
          {
            "y": -0.75,
            "x": 4
          },
          "0,5"
        ],
        [
          {
            "y": -0.8999999999999999
          },
          "0,3"
        ],
        [
          {
            "y": -0.855,
            "x": 5
          },
          "4,5"
        ],
        [
          {
            "y": -0.845,
            "x": 2
          },
          "1,4"
        ],
        [
          {
            "y": -0.6499999999999999,
            "x": 1
          },
          "5,3",
          {
            "x": 1
          },
          "5,4"
        ],
        [
          {
            "y": -0.75,
            "x": 4
          },
          "1,5"
        ],
        [
          {
            "y": -0.8999999999999999
          },
          "1,3"
        ],
        [
          {
            "y": -0.855,
            "x": 5
          },
          "5,5"
        ],
        [
          {
            "y": -0.8450000000000002,
            "x": 2
          },
          "2,4"
        ],
        [
          {
            "y": -0.6499999999999999,
            "x": 1
          },
          "6,3",
          {
            "x": 1
          },
          "6,4"
        ],
        [
          {
            "y": -0.75,
            "x": 4
          },
          "2,5"
        ],
        [
          {
            "y": -0.8999999999999999
          },
          "2,3"
        ],
        [
          {
            "y": -0.855,
            "x": 5
          },
          "6,5"
        ],
        [
          {
            "y": -0.8500000000000001,
            "x": 2,
            "h": 1.5
          },
          "3,5"
        ],
        [
          {
            "y": -0.6399999999999997,
            "x": 1,
            "h": 1.25
          },
          "7,4"
        ]
      ]
  }
}